Item;article description;unit;kostpris DKK;price unit;price group;date of issuance
11129010250;HOFKON 290-1 Truss 250mm;Stk;308,21 dkk;1;22;06-02-2023
1112901025095;HOFKON 290-1 Truss 250mm sort;Stk;354,83 dkk;1;21;06-02-2023
11129010500;HOFKON 290-1 Truss 500mm;Stk;308,21 dkk;1;23;06-02-2023
1112901050095;HOFKON 290-1 Truss 500mm sort;Stk;422,76 dkk;1;21;06-02-2023
11129011000;HOFKON 290-1 Truss 1000mm;Stk;358,01 dkk;1;23;06-02-2023
1112901100095;HOFKON 290-1 Truss 1000mm sort;Stk;448,44 dkk;1;24;06-02-2023
11129011500;HOFKON 290-1 Truss 1500mm;Stk;399,60 dkk;1;24;06-02-2023
11129012000;HOFKON 290-1 Truss 2000mm;Stk;444,96 dkk;1;24;06-02-2023
1112901200095;HOFKON 290-1 Truss 2000mm sort;Stk;662,08 dkk;1;24;06-02-2023
11129012500;HOFKON 290-1 Truss 2500mm;Stk;493,95 dkk;1;24;06-02-2023
1112901250095;HOFKON 290-1 Truss 2500mm sort;Stk;610,50 dkk;1;24;06-02-2023
11129013000;HOFKON 290-1 Truss 3000mm;Stk;536,50 dkk;1;24;06-02-2023
1112901300095;HOFKON 290-1 Truss 3000mm sort;Stk;893,62 dkk;1;25;06-02-2023
11129013500;HOFKON 290-1 Truss 3500mm;Stk;581,64 dkk;1;25;06-02-2023
1112901350095;HOFKON 290-1 Truss 3500mm sort;Stk;744,81 dkk;1;25;06-02-2023
11129014000;HOFKON 290-1 Truss 4000mm;Stk;602,58 dkk;1;25;06-02-2023
1112901400095;HOFKON 290-1 Truss 4000mm sort;Stk;789,06 dkk;1;25;06-02-2023
11129014500;HOFKON 290-1 Truss 4500mm;Stk;667,85 dkk;1;25;06-02-2023
1112901450095;HOFKON 290-1 Truss 4500mm sort;Stk;877,64 dkk;1;25;06-02-2023
11129015000;HOFKON 290-1 Truss 5000mm;Stk;736,82 dkk;1;25;06-02-2023
1112901500095;HOFKON 290-1 Truss 5000mm sort;Stk;969,99 dkk;1;25;06-02-2023
11129015555;HOFKon U-Frame hanging Ladder standard w: 600mm/h:;Stk;1,062,86 dkk;1;22;06-02-2023
1112901555595;HOFKon U-Frame hanging Ladder standard sort Line;Stk;1,014,76 dkk;1;22;06-02-2023
11129015556;HOFKon U-Frame Top for  Hanging Ladder w:600mm;Stk;912,64 dkk;1;23;06-02-2023
1112901555695;HOFKon U-Frame Top for  Hanging Ladder sort Line;Stk;1,025,64 dkk;1;23;06-02-2023
11129015557;HOFKon U-Frame hanging Ladder long w: 600mm/h: 800;Stk;1,049,91 dkk;1;23;06-02-2023
11129015558;HOFKon U-Frame hanging Ladder long w: 1100mm/h: 12;Stk;1,716,95 dkk;1;22;06-02-2023
11129015559;HOFKon U-Frame Top for  Hanging Ladder w:1100mm;Stk;1,077,74 dkk;1;22;06-02-2023
1112901DROP;HOFKON Droparm T-Bar Hangingbar;Stk;336,03 dkk;1;22;06-02-2023
11129020250;HOFKON 290-2 Truss  250mm;Stk;636,99 dkk;1;22;06-02-2023
1112902025095;HOFKON 290-2 Truss  250mm sort;Stk;611,61 dkk;1;22;06-02-2023
11129020500;HOFKON 290-2 Truss  500mm;Stk;717,65 dkk;1;21;06-02-2023
1112902050095;HOFKON 290-2 Truss  500mm sort;Stk;680,58 dkk;1;22;06-02-2023
11129021000;HOFKON 290-2 Truss  1000mm;Stk;833,61 dkk;1;22;06-02-2023
1112902100095;HOFKON 290-2 Truss  1000mm sort;Stk;902,50 dkk;1;22;06-02-2023
11129021500;HOFKON 290-2 Truss  1500mm;Stk;978,65 dkk;1;24;06-02-2023
1112902150095;HOFKON 290-2 Truss  1500mm sort;Stk;1,133,01 dkk;1;22;06-02-2023
11129022000;HOFKON 290-2 Truss  2000mm;Stk;1,099,12 dkk;1;22;06-02-2023
1112902200095;HOFKON 290-2 Truss  2000mm sort;Stk;1,359,60 dkk;1;22;06-02-2023
11129022500;HOFKON 290-2 Truss  2500mm;Stk;1,237,87 dkk;1;21;06-02-2023
1112902250095;HOFKON 290-2 Truss  2500mm sort;Stk;1,595,14 dkk;1;22;06-02-2023
11129023000;HOFKON 290-2 Truss  3000mm;Stk;1,378,25 dkk;1;22;06-02-2023
1112902300095;HOFKON 290-2 Truss  3000mm sort;Stk;1,831,80 dkk;1;22;06-02-2023
11129023500;HOFKON 290-2 Truss  3500mm;Stk;1,518,70 dkk;1;22;06-02-2023
1112902350095;HOFKON 290-2 Truss  3500mm sort;Stk;2,082,14 dkk;1;22;06-02-2023
11129024000;HOFKON 290-2 Truss  4000mm;Stk;1,666,33 dkk;1;22;06-02-2023
1112902400095;HOFKON 290-2 Truss  4000mm sort;Stk;2,304,06 dkk;1;22;06-02-2023
11129024500;HOFKON 290-2 Truss  4500mm;Stk;1,796,94 dkk;1;22;06-02-2023
1112902450095;HOFKON 290-2 Truss  4500mm sort;Stk;2,540,94 dkk;1;20;06-02-2023
;;0,00 dkk